,name,quality,base_atk,substat,passive
0,A Thousand Floating Dreams,,542(44),Elemental Mastery 265(58),"A Thousand Nights' DawnsongParty members other than the equipping character will provide the equipping character with buffs based on whether their Elemental Type is the same as the latter or not. If their Elemental Types are the same, increase Elemental Mastery by 32~64. If not, increase the equipping character's DMG Bonus from their Elemental Type by 10~26%. Each of the aforementioned effects can have up to 3 stacks. Additionally, all nearby party members other than the equipping character will have their Elemental Mastery increased by 40~48. Multiple such effects from multiple such weapons can stack."
1,Absolution,,674(48),CRIT DMG 44.1%(9.6%),Deathly PactCRIT DMG increased by 20~40%. Increasing the value of a Bond of Life increases the DMG the equipping character deals by 16~32% for 6s. Max 3 stacks.
2,Amos' Bow,,608(46),ATK 49.6%(10.8%),"Strong-WilledIncreases Normal Attack and Charged Attack DMG by 12~24%. After a Normal or Charged Attack is fired, DMG dealt increases by a further 8~16% every 0.1 seconds the arrow is in the air for up to 5 times."
3,Aqua Simulacra,,542(44),CRIT DMG 88.2%(19.2%),"The Cleansing FormHP is increased by 16~32%. When there are opponents nearby, the DMG dealt by the wielder of this weapon is increased by 20~40%. This will take effect whether the character is on-field or not."
4,Aquila Favonia,,674(48),Physical DMG Bonus 41.3%(9%),"Falcon's DefianceATK is increased by 20~40%. Triggers on taking DMG: the soul of the Falcon of the West awakens, holding the banner of the resistance aloft, regenerating HP equal to 100~160% of ATK and dealing 200~320% of ATK as DMG to surrounding opponents. This effect can only occur once every 15s."
5,Beacon of the Reed Sea,,608(46),CRIT Rate 33.1%(7.2%),"Desert WatchAfter the character's Elemental Skill hits an opponent, their ATK will be increased by 20~40% for 8s. After the character takes DMG, their ATK will be increased by 20~40% for 8s. The 2 aforementioned effects can be triggered even when the character is not on the field. Additionally, when not protected by a shield, the character's Max HP will be increased by 32~64%."
6,Calamity Queller,,741(49),ATK 16.5%(3.6%),"Extinguishing PreceptGain 12~24% All Elemental DMG Bonus. Obtain Consummation for 20s after using an Elemental Skill, causing ATK to increase by 3.2~6.4% per second. This ATK increase has a maximum of 6 stacks. When the character equipped with this weapon is not on the field, Consummation's ATK increase is doubled."
7,Cashflow Supervision,,674(48),CRIT Rate 22.1%(4.8%),"Golden Blood-TideATK is increased by 16~32%. When current HP increases or decreases, Normal Attack DMG will be increased by 16~32% and Charged Attack DMG will be increased by 14~28% for 4s. Max 3 stacks. This effect can be triggered once every 0.3s. When the wielder has 3 stacks, ATK SPD will be increased by 8~16%."
8,Crane's Echoing Call,,741(49),ATK 16.5%(3.6%),"Cloudfall AxiomAfter the equipping character hits an opponent with a Plunging Attack, all nearby party members' Plunging Attacks will deal 28~80% increased DMG for 20s. When nearby party members hit opponents with Plunging Attacks, they will restore 2.5~3.5 Energy to the equipping character. Energy can restored this way every 0.7s. This energy regain effect can be triggered even if the equipping character is not on the field."
9,Crimson Moon's Semblance,,674(48),CRIT Rate 22.1%(4.8%),"Ashen Sun's ShadowGrants a Bond of Life equal to 25% of Max HP when a Charged Attack hits an opponent. This effect can be triggered up to once every 14s. In addition, when the equipping character has a Bond of Life, they gain a 12~28% DMG Bonus; if the value of the Bond of Life is greater than or equal to 30% of Max HP, then gain an additional 24~56% DMG."
10,Elegy for the End,,608(46),Energy Recharge 55.1%(12%),"The Parting RefrainA part of the ""Millennial Movement"" that wanders amidst the winds.Increases Elemental Mastery by 60~120.When the Elemental Skills or Elemental Bursts of the character wielding this weapon hit opponents, that character gains a Sigil of Remembrance. This effect can be triggered once every 0.2s and can be triggered even if said character is not on the field.When you possess 4 Sigils of Remembrance, all of them will be consumed and all nearby party members will obtain the ""Millennial Movement: Farewell Song"" effect for 12s.""Millennial Movement: Farewell Song"" increases Elemental Mastery by 100~200 and increases ATK by 20~40%. Once this effect is triggered, you will not gain Sigils of Remembrance for 20s.Of the many effects of the ""Millennial Movement,"" buffs of the same type will not stack."
11,Engulfing Lightning,,608(46),Energy Recharge 55.1%(12%),Timeless Dream: Eternal StoveATK increased by 28~56% of Energy Recharge over the base 100%. You can gain a maximum bonus of 80~120% ATK. Gain 30~50% Energy Recharge for 12s after using an Elemental Burst.
12,Everlasting Moonglow,,608(46),HP 49.6%(10.8%),"Byakuya KougetsuHealing Bonus increased by 10~20%, Normal Attack DMG is increased by 1~3.0% of the Max HP of the character equipping this weapon. For 12s after using an Elemental Burst, Normal Attacks that hit opponents will restore 0.6 Energy. Energy can be restored this way once every 0.1s."
13,Fang of the Mountain King,,741(49),CRIT Rate 11.0%(2.4%),"Turquoise HuntGain 1 stack of Canopy's Favor after hitting an opponent with an Elemental Skill. This can be triggered once every 0.5s. After a nearby party member triggers a Burning or Burgeon reaction, the equipping character will gain 3 stacks. This effect can be triggered once every 2s and can be triggered even when the triggering party member is off-field. Canopy's Favor: Elemental Skill and Burst DMG is increased by 10~20% for 6s. Max 6 stacks. Each stack is counted independently."
14,Freedom-Sworn,,608(46),Elemental Mastery 198(43),"Revolutionary ChoraleA part of the ""Millennial Movement"" that wanders amidst the winds.Increases DMG by 10~20%.When the character wielding this weapon triggers Elemental Reactions, they gain a Sigil of Rebellion. This effect can be triggered once every 0.5s and can be triggered even if said character is not on the field.When you possess 2 Sigils of Rebellion, all of them will be consumed and all nearby party members will obtain ""Millennial Movement: Song of Resistance"" for 12s.""Millennial Movement: Song of Resistance"" increases Normal, Charged, and Plunging Attack DMG by 16~32% and increases ATK by 20~40%. Once this effect is triggered, you will not gain Sigils of Rebellion for 20s.Of the many effects of the ""Millennial Movement,"" buffs of the same type will not stack."
15,Haran Geppaku Futsu,,608(46),CRIT Rate 33.1%(7.2%),"Honed FlowObtain 12~24% All Elemental DMG Bonus. When other nearby party members use Elemental Skills, the character equipping this weapon will gain 1 Wavespike stack. Max 2 stacks. This effect can be triggered once every 0.3s. When the character equipping this weapon uses an Elemental Skill, all stacks of Wavespike will be consumed to gain Rippling Upheaval: each stack of Wavespike consumed will increase Normal Attack DMG by 20~40% for 8s."
16,Hunter's Path,,542(44),CRIT Rate 44.1%(9.6%),At the End of the Beast-PathsGain 12~24% All Elemental DMG Bonus. Obtain the Tireless Hunt effect after hitting an opponent with a Charged Attack. This effect increases Charged Attack DMG by 160~320% of Elemental Mastery. This effect will be removed after 12 Charged Attacks or 10s. Only 1 instance of Tireless Hunt can be gained every 12s.
17,Jadefall's Splendor,,608(46),HP 49.6%(10.8%),"Primordial Jade RegaliaFor 3s after using an Elemental Burst or creating a shield, the equipping character can gain the Primordial Jade Regalia effect: Restore 4.5~6.5 Energy every 2.5s, and gain 0.3~1.1% Elemental DMG Bonus for their corresponding Elemental Type for every 1,000 Max HP they possess, up to 12~44%. Primordial Jade Regalia will still take effect even if the equipping character is not on the field."
18,Kagura's Verity,,608(46),CRIT DMG 66.2%(14.4%),"Kagura Dance of the Sacred SakuraGains the Kagura Dance effect when using an Elemental Skill, causing the Elemental Skill DMG of the character wielding this weapon to increase by 12~24% for 16s. Max 3 stacks. This character will gain 12~24% All Elemental DMG Bonus when they possess 3 stacks."
19,Key of Khaj-Nisut,,542(44),HP 66.2%(14.4%),"Sunken Song of the SandsHP increased by 20~40%. When an Elemental Skill hits opponents, you gain the Grand Hymn effect for 20s. This effect increases the equipping character's Elemental Mastery by 0.12~0.24% of their Max HP. This effect can trigger once every 0.3s. Max 3 stacks. When this effect gains 3 stacks, or when the third stack's duration is refreshed, the Elemental Mastery of all nearby party members will be increased by 0.2~0.4% of the equipping character's max HP for 20s."
20,Light of Foliar Incision,,542(44),CRIT DMG 88.2%(19.2%),"Whitemoon BristleCRIT Rate is increased by 4~8%. After Normal Attacks deal Elemental DMG, the Foliar Incision effect will be obtained, increasing DMG dealt by Normal Attacks and Elemental Skills by 120~240% of Elemental Mastery. This effect will disappear after 28 DMG instances or 12s. You can obtain Foliar Incision once every 12s."
21,Lost Prayer to the Sacred Winds,,608(46),CRIT Rate 33.1%(7.2%),"Boundless BlessingIncreases Movement SPD by 10%. When in battle, gain an 8~16% Elemental DMG Bonus every 4s. Max 4 stacks. Lasts until the character falls or leaves combat."
22,Lumidouce Elegy,,608(46),CRIT Rate 33.1%(7.2%),"Bright Dawn OvertureATK increased by 15~31%. After the equipping character triggers Burning on an opponent or deals Dendro DMG to Burning opponents, the DMG dealt is increased by 18~38%. This effect lasts for 8s, max 2 stacks. When 2 stacks are reached or when the duration is refreshed at 2 stacks, restore 12~16 Energy. Energy can be restored this way once every 12s. The 2 aforementioned effects can be triggered even when the character is off-field."
23,Memory of Dust,,608(46),ATK 49.6%(10.8%),"Golden MajestyIncreases Shield Strength by 20~40%. Scoring hits on opponents increases ATK by 4~8% for 8s. Max 5 stacks. Can only occur once every 0.3s. While protected by a shield, this ATK increase effect is increased by 100%."
24,Mistsplitter Reforged,,674(48),CRIT DMG 44.1%(9.6%),"Mistsplitter's EdgeGain a 12~24% Elemental DMG Bonus for all elements and receive the might of the Mistsplitter's Emblem. At stack levels 1/2/3, Mistsplitter's Emblem provides a 8/16/28~16/32/56% Elemental DMG Bonus for the character's Elemental Type. The character will obtain 1 stack of Mistsplitter's Emblem in each of the following scenarios: Normal Attack deals Elemental DMG (stack lasts 5s), casting Elemental Burst (stack lasts 10s); Energy is less than 100% (stack disappears when Energy is full). Each stack's duration is calculated independently."
25,Peak Patrol Song,,542(44),DEF 82.7%(18%),"Halcyon Years UnendingGain ""Ode to Flowers"" after Normal or Plunging Attacks hit an opponent: DEF increases by 8~16% and gain a 10~20% All Elemental DMG Bonus for 6s. Max 2 stacks. Can trigger once per 0.1s. When this effect reaches 2 stacks or the 2nd stack's duration is refreshed, increase all nearby party members' All Elemental DMG Bonus by 8~16% for every 1,000 DEF the equipping character has, up to a maximum of 25.6~51.2%, for 15s."
26,Polar Star,,608(46),CRIT Rate 33.1%(7.2%),"Daylight's AuguryElemental Skill and Elemental Burst DMG increased by 12~24%. After a Normal Attack, Charged Attack, Elemental Skill or Elemental Burst hits an opponent, 1 stack of Ashen Nightstar will be gained for 12s. When 1/2/3/4 stacks of Ashen Nightstar are present, ATK is increased by 10/20/30/48~20/40/60/96%. The stack of Ashen Nightstar created by the Normal Attack, Charged Attack, Elemental Skill or Elemental Burst will be counted independently of the others."
27,Primordial Jade Cutter,,542(44),CRIT Rate 44.1%(9.6%),"Protector's VirtueHP increased by 20~40%. Additionally, provides an ATK Bonus based on 1.2~2.4% of the wielder's Max HP."
28,Primordial Jade Winged-Spear,,674(48),CRIT Rate 22.1%(4.8%),"Eagle Spear of JusticeOn hit, increases ATK by 3.2~6.0% for 6s. Max 7 stacks. This effect can only occur once every 0.3s. While in possession of the maximum possible stacks, DMG dealt is increased by 12~24%."
29,Redhorn Stonethresher,,542(44),CRIT DMG 88.2%(19.2%),Gokadaiou OtogibanashiDEF is increased by 28~56%. Normal and Charged Attack DMG is increased by 40~80% of DEF.
30,Silvershower Heartstrings,,542(44),HP 66.2%(14.4%),"Dryas's NocturneThe equipping character can gain the Remedy effect. When they possess 1/2/3 Remedy stacks, Max HP will increase by 12%/24%/40%~24%/48%/80%. 1 stack may be gained when the following conditions are met: 1 stack for 25s when using an Elemental Skill; 1 stack for 25s when the value of a Bond of Life value increases; 1 stack for 20s for performing healing. Stacks can still be triggered when the equipping character is not on the field. Each stack's duration is counted independently. In addition, when 3 stacks are active, Elemental Burst CRIT Rate will be increased by 28%~56%. This effect will be canceled 4s after falling under 3 stacks."
31,Skyward Atlas,,674(48),ATK 33.1%(7.2%),"Wandering CloudsIncreases Elemental DMG Bonus by 12~24%. Normal Attack hits have a 50% chance to earn the favor of the clouds. which actively seek out nearby opponents to attack for 15s, dealing 160~320% ATK DMG. Can only occur once every 30s."
32,Skyward Blade,,608(46),Energy Recharge 55.1%(12%),"Sky-Piercing FangCRIT Rate increased by 4~8%. Gains Skypiercing Might upon using an Elemental Burst: Increases Movement SPD by 10%, increases ATK SPD by 10%, and Normal and Charged hits deal additional DMG equal to 20~40% of ATK. Skypiercing Might lasts for 12s."
33,Skyward Harp,,674(48),CRIT Rate 22.1%(4.8%),"Echoing BalladIncreases CRIT DMG by 20~40%. Hits have a 60~100% chance to inflict a small AoE attack, dealing 125% Physical ATK DMG. Can only occur once every 4~2s."
34,Skyward Pride,,674(48),Energy Recharge 36.8%(8%),"Sky-ripping Dragon SpineIncreases all DMG by 8~16%. After using an Elemental Burst, a vacuum blade that does 80~160% of ATK as DMG to opponents along its path will be created when Normal or Charged Attacks hit. Lasts for 20s or 8 vacuum blades."
35,Skyward Spine,,674(48),Energy Recharge 36.8%(8%),"Black WingIncreases CRIT Rate by 8~16% and increases Normal ATK SPD by 12%. Additionally, Normal and Charged Attacks hits on opponents have a 50% chance to trigger a vacuum blade that deals 40~100% of ATK as DMG in a small AoE. This effect can occur no more than once every 2s."
36,Song of Broken Pines,,741(49),Physical DMG Bonus 20.7%(4.5%),"Rebel's Banner-HymnA part of the ""Millennial Movement"" that wanders amidst the winds.Increases ATK by 16~32%, and when Normal or Charged Attacks hit opponents, the character gains a Sigil of Whispers. This effect can be triggered once every 0.3s.When you possess four Sigils of Whispers, all of them will be consumed and all nearby party members will obtain the ""Millennial Movement: Banner-Hymn"" effect for 12s.""Millennial Movement: Banner-Hymn"" increases Normal ATK SPD by 12~24% and increases ATK by 20~40%. Once this effect is triggered, you will not gain Sigils of Whispers for 20s.Of the many effects of the ""Millennial Movement"", buffs of the same type will not stack."
37,Splendor of Tranquil Waters,,542(44),CRIT DMG 88.2%(19.2%),"Dawn and Dusk by the LakeWhen the equipping character's current HP increases or decreases, Elemental Skill DMG dealt will be increased by 8~16% for 6s. Max 3 stacks. This effect can be triggered once every 0.2s. When other party members' current HP increases or decreases, the equipping character's Max HP will be increased by 14~28% for 6s. Max 2 stacks. This effect can be triggered once every 0.2s. The aforementioned effects can be triggered even if the wielder is off-field."
38,Staff of Homa,,608(46),CRIT DMG 66.2%(14.4%),"Reckless CinnabarHP increased by 20~40%. Additionally, provides an ATK Bonus based on 0.8~1.6% of the wielder's Max HP. When the wielder's HP is less than 50%, this ATK bonus is increased by an additional 1~1.8% of Max HP."
39,Staff of the Scarlet Sands,,542(44),CRIT Rate 44.1%(9.6%),"Heat Haze at Horizon's EndThe equipping character gains 52~104% of their Elemental Mastery as bonus ATK. When an Elemental Skill hits opponents, the Dream of the Scarlet Sands effect will be gained for 10s: The equipping character will gain 28~56% of their Elemental Mastery as bonus ATK. Max 3 stacks."
40,Summit Shaper,,608(46),ATK 49.6%(10.8%),"Golden MajestyIncreases Shield Strength by 20~40%. Scoring hits on opponents increases ATK by 4~8% for 8s. Max 5 stacks. Can only occur once every 0.3s. While protected by a shield, this ATK increase effect is increased by 100%."
41,Surf's Up,,542(44),CRIT DMG 88.2%(19.2%),"Aqua RemembranceMax HP increased by 20~40%. Once every 15s, for the 14s after using an Elemental Skill: Gain 4 Scorching Summer stacks. Each stack increases Normal Attack DMG by 12~24%. For the duration of the effect, every 1.5s, lose 1 stack after a Normal Attack hits an opponent; once every 1.5s, gain 1 stack after triggering a Vaporize reaction on an opponent. Max 4 Scorching Summer stacks."
42,The First Great Magic,,608(46),CRIT DMG 66.2%(14.4%),"Parsifal the GreatDMG dealt by Charged Attacks increased by 16~32%. For every party member with the same Elemental Type as the wielder (including the wielder themselves), gain 1 Gimmick stack. For every party member with a different Elemental Type from the wielder, gain 1 Theatrics stack. When the wielder has 1/2/3 or more Gimmick stacks, ATK will be increased by 16%/32%/48%~32%/64%/96%. When the wielder has 1/2/3 or more Theatrics stacks, Movement SPD will be increased by 4%/7%/10%~12%/15%/18%."
43,The Unforged,,608(46),ATK 49.6%(10.8%),"Golden MajestyIncreases Shield Strength by 20~40%. Scoring hits on opponents increases ATK by 4~8% for 8s. Max 5 stacks. Can only occur once every 0.3s. While protected by a shield, this ATK increase effect is increased by 100%."
44,Thundering Pulse,,608(46),CRIT DMG 66.2%(14.4%),"Rule By ThunderIncreases ATK by 20~40% and grants the might of the Thunder Emblem. At stack levels 1/2/3, the Thunder Emblem increases Normal Attack DMG by 12/24/40~24/48/80%. The character will obtain 1 stack of Thunder Emblem in each of the following scenarios: Normal Attack deals DMG (stack lasts 5s), casting Elemental Skill (stack lasts 10s); Energy is less than 100% (stack disappears when Energy is full). Each stack's duration is calculated independently."
45,Tome of the Eternal Flow,,542(44),CRIT DMG 88.2%(19.2%),"Aeon WaveHP is increased by 16~32%. When current HP increases or decreases, Charged Attack DMG will be increased by 14~30% for 4s. Max 3 stacks, can be triggered once every 0.3s. When you have 3 stacks or refresh a third stack's duration, 8~12 Energy will be restored. This Energy restoration effect can be triggered once every 12s."
46,Tulaytullah's Remembrance,,674(48),CRIT DMG 44.1%(9.6%),"Bygone Azure TeardropNormal Attack SPD is increased by 10~20%. After the wielder unleashes an Elemental Skill, Normal Attack DMG will increase by 4.8~9.6% every second for 14s. After this character hits an opponent with a Normal Attack during this duration, Normal Attack DMG will be increased by 9.6~19.2%. This increase can be triggered once every 0.3s. The maximum Normal Attack DMG increase per single duration of the overall effect is 48~96%. The effect will be removed when the wielder leaves the field, and using the Elemental Skill again will reset all DMG buffs."
47,Uraku Misugiri,,542(44),CRIT DMG 88.2%(19.2%),"Brocade Bloom, Shrine SwordNormal Attack DMG is increased by 16~32% and Elemental Skill DMG is increased by 24~48%. After a nearby active character deals Geo DMG, the aforementioned effects increase by 100% for 15s. Additionally, the wielder's DEF is increased by 20~40%."
48,Verdict,,674(48),CRIT Rate 22.1%(4.8%),"Many Oaths of Dawn and DuskIncreases ATK by 20~40%. When characters in your party obtain Elemental Shards from Crystallize reactions, the equipping character will gain 1 Seal, increasing Elemental Skill DMG by 18~36%. The Seal lasts for 15s, and the equipped may have up to 2 Seals at once. All of the equipper's Seals will disappear 0.2s after their Elemental Skill deals DMG."
49,Vortex Vanquisher,,608(46),ATK 49.6%(10.8%),"Golden MajestyIncreases Shield Strength by 20~40%. Scoring hits on opponents increases ATK by 4~8% for 8s. Max 5 stacks. Can only occur once every 0.3s. While protected by a shield, this ATK increase effect is increased by 100%."
50,Wolf's Gravestone,,608(46),ATK 49.6%(10.8%),"Wolfish TrackerIncreases ATK by 20~40%. On hit, attacks against opponents with less than 30% HP increase all party members' ATK by 40~80% for 12s. Can only occur once every 30s."
51,"""The Catch""",,510(42),Energy Recharge 45.9%(10.0%),ShantyIncreases Elemental Burst DMG by 16~32% and Elemental Burst CRIT Rate by 6~12%.
52,"""Ultimate Overlord's Mega Magic Sword""",,565(44),Energy Recharge 30.6%(6.7%),"Melussistance!ATK increased by 12~24%. That's not all! The support from all Melusines you've helped in Merusea Village fills you with strength! Based on the number of them you've helped, your ATK is increased by up to an additional 12~24%."
53,Akuoumaru,,510(42),ATK 41.3%(9%),"Watatsumi WavewalkerFor every point of the entire party's combined maximum Energy capacity, the Elemental Burst DMG of the character equipping this weapon is increased by 0.12~0.24%. A maximum of 40~80% increased Elemental Burst DMG can be achieved this way."
54,Alley Hunter,,565(44),ATK 27.6%(6%),"Oppidan AmbushWhile the character equipped with this weapon is in the party but not on the field, their DMG increases by 2~4% every second up to a max of 20~40%. When the character is on the field for more than 4s, the aforementioned DMG buff decreases by 4~8% per second until it reaches 0%."
55,Amenoma Kageuchi,,454(41),ATK 55.1%(12%),"Iwakura SuccessionAfter casting an Elemental Skill, gain 1 Succession Seed. This effect can be triggered once every 5s. The Succession Seed lasts for 30s. Up to 3 Succession Seeds may exist simultaneously. After using an Elemental Burst, all Succession Seeds are consumed and after 2s, the character regenerates 6~12 Energy for each seed consumed."
56,Ash-Graven Drinking Horn,,510(42),HP 41.3%(9%),"Tupac's GripWhen an attack hits an opponent, deal AoE DMG equal to 40~80% of Max HP at the target location. This effect can be triggered once every 15s."
57,Ballad of the Boundless Blue,,565(44),Energy Recharge 30.6%(6.7%),"Azure SkiesWithin 6s after Normal or Charged Attacks hit an opponent, Normal Attack DMG will be increased by 8~16% and Charged Attack DMG will be increased by 6~12%. Max 3 stacks. This effect can be triggered once every 0.3s."
58,Ballad of the Fjords,,510(42),CRIT Rate 27.6%(6%),"Tales of the TundraWhen there are at least 3 different Elemental Types in your party, Elemental Mastery will be increased by 120~240."
59,Blackcliff Agate,,510(42),CRIT DMG 55.1%(12%),"Press the AdvantageAfter defeating an opponent, ATK is increased by 12~24% for 30s. This effect has a maximum of 3 stacks, and the duration of each stack is independent of the others."
60,Blackcliff Longsword,,565(44),CRIT DMG 36.8%(8%),"Press the AdvantageAfter defeating an opponent, ATK is increased by 12~24% for 30s. This effect has a maximum of 3 stacks, and the duration of each stack is independent of the others."
61,Blackcliff Pole,,510(42),CRIT DMG 55.1%(12%),"Press the AdvantageAfter defeating an opponent, ATK is increased by 12~24% for 30s. This effect has a maximum of 3 stacks, and the duration of each stack is independent of the others."
62,Blackcliff Slasher,,510(42),CRIT DMG 55.1%(12%),"Press the AdvantageAfter defeating an opponent, ATK is increased by 12~24% for 30s. This effect has a maximum of 3 stacks, and the duration of each stack is independent of the others."
63,Blackcliff Warbow,,565(44),CRIT DMG 36.8%(8%),"Press the AdvantageAfter defeating an opponent, ATK is increased by 12~24% for 30s. This effect has a maximum of 3 stacks, and the duration of each stack is independent of the others."
64,Chain Breaker,,565(44),ATK 27.6%(6%),"Flowerâ€”Feather SongFor every party member from Natlan or who has a different Elemental Type from the equipping character, the equipping character gains 4.8~9.6% increased ATK. When there are no less than 3 of the aforementioned characters, the equipping character gains 24~48 Elemental Mastery."
65,Cinnabar Spindle,,454(41),DEF 69.0%(15%),Spotless HeartElemental Skill DMG is increased by 40~80% of DEF. The effect will be triggered no more than once every 1.5s and will be cleared 0.1s after the Elemental Skill deals DMG.
66,Cloudforged,,510(42),Elemental Mastery 165(36),"Crag-Chiseled ForgeAfter Elemental Energy is decreased, the equipping character's Elemental Mastery will increase by 40~80 for 18s. Max 2 stacks."
67,Compound Bow,,454(41),Physical DMG Bonus 69.0%(15%),Infusion ArrowNormal Attack and Charged Attack hits increase ATK by 4~8% and Normal ATK SPD by 1.2~2.4% for 6s. Max 4 stacks. Can only occur once every 0.3s.
68,Crescent Pike,,565(44),Physical DMG Bonus 34.5%(7.5%),"Infusion NeedleAfter picking up an Elemental Orb/Particle, Normal and Charged Attacks deal an additional 20~40% ATK as DMG for 5s."
69,Deathmatch,,454(41),CRIT Rate 36.8%(8%),"GladiatorIf there are at least 2 opponents nearby, ATK is increased by 16~32% and DEF is increased by 16~32%. If there are fewer than 2 opponents nearby, ATK is increased by 24~48%."
70,Dialogues of the Desert Sages,,510(42),HP 41.3%(9%),"Principle of EquilibriumWhen the wielder performs healing, restore 8~16 Energy. This effect can be triggered once every 10s and can occur even when the character is not on the field."
71,Dodoco Tales,,454(41),ATK 55.1%(12%),Dodoventure!Normal Attack hits on opponents increase Charged Attack DMG by 16~32% for 6s. Charged Attack hits on opponents increase ATK by 8~16% for 6s.
72,Dragon's Bane,,454(41),Elemental Mastery 221(48),Bane of Flame and WaterIncreases DMG against opponents affected by Hydro or Pyro by 20~36%.
73,Dragonspine Spear,,454(41),Physical DMG Bonus 69.0%(15%),"Frost BurialHitting an opponent with Normal and Charged Attacks has a 60~100% chance of forming and dropping an Everfrost Icicle above them, dealing 80~140% AoE ATK DMG. Opponents affected by Cryo are dealt 200~360% ATK DMG instead by the icicle. Can only occur once every 10s."
74,Earth Shaker,,565(44),ATK 27.6%(6%),"Oath of Qhapaq NanAfter a party member triggers a Pyro-related reaction, the equipping character's Elemental Skill DMG is increased by 16~32% for 8s. This effect can be triggered even when the triggering party member is not on the field."
75,End of the Line,,510(42),Energy Recharge 45.9%(10.0%),"Net SnapperTriggers the Flowrider effect after using an Elemental Skill, dealing 80~160% ATK as AoE DMG upon hitting an opponent with an attack. Flowrider will be removed after 15s or after causing 3 instances of AoE DMG. Only 1 instance of AoE DMG can be caused every 2s in this way. Flowrider can be triggered once every 12s."
76,Eye of Perception,,454(41),ATK 55.1%(12%),"EchoNormal and Charged Attacks have a 50% chance to fire a Bolt of Perception, dealing 240~360% ATK as DMG. This bolt can bounce between opponents a maximum of 4 times. This effect can occur once every 12~8s."
77,Fading Twilight,,565(44),Energy Recharge 30.6%(6.7%),"Radiance of the DeepsHas three states, Evengleam, Afterglow, and Dawnblaze, which increase DMG dealt by 6%/10%/14%~12%/20%/28% respectively. When attacks hit opponents, this weapon will switch to the next state. This weapon can change states once every 7s. The character equipping this weapon can still trigger the state switch while not on the field."
78,Favonius Codex,,510(42),Energy Recharge 45.9%(10.0%),"WindfallCRIT hits have a 60~100% chance to generate a small amount of Elemental Particles, which will regenerate 6 Energy for the character. Can only occur once every 12~6s."
79,Favonius Greatsword,,454(41),Energy Recharge 61.3%(13.3%),"WindfallCRIT hits have a 60~100% chance to generate a small amount of Elemental Particles, which will regenerate 6 Energy for the character. Can only occur once every 12~6s."
80,Favonius Lance,,565(44),Energy Recharge 30.6%(6.7%),"WindfallCRIT Hits have a 60~100% chance to generate a small amount of Elemental Particles, which will regenerate 6 Energy for the character. Can only occur once every 12~6s."
81,Favonius Sword,,454(41),Energy Recharge 61.3%(13.3%),"WindfallCRIT hits have a 60~100% chance to generate a small amount of Elemental Particles, which will regenerate 6 Energy for the character. Can only occur once every 12~6s."
82,Favonius Warbow,,454(41),Energy Recharge 61.3%(13.3%),"WindfallCRIT hits have a 60~100% chance to generate a small amount of Elemental Particles, which will regenerate 6 Energy for the character. Can only occur once every 12~6s."
83,Festering Desire,,510(42),Energy Recharge 45.9%(10.0%),Undying AdmirationIncreases Elemental Skill DMG by 16~32% and Elemental Skill CRIT Rate by 6~12%.
84,Finale of the Deep,,565(44),ATK 27.6%(6%),"An End SublimeWhen using an Elemental Skill, ATK will be increased by 12~24% for 15s, and a Bond of Life worth 25% of Max HP will be granted. This effect can be triggered once every 10s. When the Bond of Life is cleared, a maximum of 150~300 ATK will be gained based on 2.4~4.8% of the total amount of the Life Bond cleared, lasting for 15s."
85,Fleuve Cendre Ferryman,,510(42),Energy Recharge 45.9%(10.0%),"IronboneIncreases Elemental Skill CRIT Rate by 8~16%. Additionally, increases Energy Recharge by 16~32% for 5s after using an Elemental Skill."
86,Flowing Purity,,565(44),ATK 27.6%(6%),"Unfinished MasterpieceWhen using an Elemental Skill, All Elemental DMG Bonus will be increased by 8~16% for 15s, and a Bond of Life worth 24% of Max HP will be granted. This effect can be triggered once every 10s. When the Bond Of Life is cleared, every 1,000 HP cleared in the process will provide 2~4% All Elemental DMG Bonus, up to a maximum of 12~24%. This effect lasts 15s."
87,Flute of Ezpitzal,,454(41),DEF 69.0%(15%),Smoke-and-Mirror MysteryUsing an Elemental Skill increases DEF by 16~32% for 15s.
88,Footprint of the Rainbow,,510(42),DEF 51.7%(11.3%),Pact of Flowing SpringsUsing an Elemental Skill increases DEF by 16~32% for 15s.
89,Forest Regalia,,565(44),Energy Recharge 30.6%(6.7%),"Forest SanctuaryAfter triggering Burning, Quicken, Aggravate, Spread, Bloom, Hyperbloom, or Burgeon, a Leaf of Consciousness will be created around the character for a maximum of 10s. When picked up, the Leaf will grant the character 60~120 Elemental Mastery for 12s. Only 1 Leaf can be generated this way every 20s. This effect can still be triggered if the character is not on the field. The Leaf of Consciousness' effect cannot stack."
90,Frostbearer,,510(42),ATK 41.3%(9%),"Frost BurialHitting an opponent with Normal and Charged Attacks has a 60~100% chance of forming and dropping an Everfrost Icicle above them, dealing 80~140% AoE ATK DMG. Opponents affected by Cryo are dealt 200~360% ATK DMG instead by the icicle. Can only occur once every 10s."
91,Fruit of Fulfillment,,510(42),Energy Recharge 45.9%(10.0%),"Full CircleObtain the ""Wax and Wane"" effect after an Elemental Reaction is triggered, gaining 24~36 Elemental Mastery while losing 5% ATK. For every 0.3s, 1 stack of Wax and Wane can be gained. Max 5 stacks. For every 6s that go by without an Elemental Reaction being triggered, 1 stack will be lost. This effect can be triggered even when the character is off-field."
92,Fruitful Hook,,565(44),ATK 27.6%(6%),"The Weight of Falling BranchesIncrease Plunging Attack CRIT Rate by 16~32%; After a Plunging Attack hits an opponent, Normal, Charged, and Plunging Attack DMG increased by 16~32% for 10s."
93,Hakushin Ring,,565(44),Energy Recharge 30.6%(6.7%),"Sakura SaiguuAfter the character equipped with this weapon triggers an Electro elemental reaction, nearby party members of an Elemental Type involved in the elemental reaction receive a 10~20% Elemental DMG Bonus for their element, lasting 6s. Elemental Bonuses gained in this way cannot be stacked."
94,Hamayumi,,454(41),ATK 55.1%(12%),"Full DrawIncreases Normal Attack DMG by 16~32% and Charged Attack DMG by 12~24%. When the equipping character's Energy reaches 100%, this effect is increased by 100%."
95,Ibis Piercer,,565(44),ATK 27.6%(6%),Secret Wisdom's FavorThe character's Elemental Mastery will increase by 40~80 within 6s after Charged Attacks hit opponents. Max 2 stacks. This effect can triggered once every 0.5s.
96,Iron Sting,,510(42),Elemental Mastery 165(36),Infusion StingerDealing Elemental DMG increases all DMG by 6~12% for 6s. Max 2 stacks. Can only occur once every 1s.
97,Kagotsurube Isshin,,510(42),ATK 41.3%(9%),"Isshin Art ClarityWhen a Normal, Charged, or Plunging Attack hits an opponent, it will whip up a Hewing Gale, dealing AoE DMG equal to 180% of ATK and increasing ATK by 15% for 8s. This effect can be triggered once every 8s."
98,Katsuragikiri Nagamasa,,510(42),Energy Recharge 45.9%(10.0%),"Samurai ConductIncreases Elemental Skill DMG by 6~12%. After Elemental Skill hits an opponent, the character loses 3 Energy but regenerates 3~5 Energy every 2s for the next 6s. This effect can occur once every 10s. Can be triggered even when the character is not on the field."
99,King's Squire,,454(41),ATK 55.1%(12%),"Labyrinth Lord's InstructionObtain the Teachings of the Forest effect when unleashing Elemental Skills and Elemental Burst, increasing Elemental Mastery by 60~140 for 12s. This effect will be removed when switching characters. When the Teachings of the Forest effect ends or is removed, it will deal 100~180% of ATK as DMG to 1 nearby opponent. The Teachings of the Forest effect can be triggered once every 20s."
100,Kitain Cross Spear,,565(44),Elemental Mastery 110(24),"Samurai ConductIncreases Elemental Skill DMG by 6~12%. After Elemental Skill hits an opponent, the character loses 3 Energy but regenerates 3~5 Energy every 2s for the next 6s. This effect can occur once every 10s. Can be triggered even when the character is not on the field."
101,Lion's Roar,,510(42),ATK 41.3%(9%),Bane of Fire and ThunderIncreases DMG against enemies affected by Pyro or Electro by 20~36%.
102,Lithic Blade,,510(42),ATK 41.3%(9%),"Lithic Axiom: UnityFor every character in the party who hails from Liyue, the character who equips this weapon gains 7~11% ATK increase and 3~7% CRIT Rate increase. This effect stacks up to 4 times."
103,Lithic Spear,,565(44),ATK 27.6%(6%),"Lithic Axiom: UnityFor every character in the party who hails from Liyue, the character who equips this weapon gains 7~11% ATK increase and a 3~7% CRIT Rate increase. This effect stacks up to 4 times."
104,Luxurious Sea-Lord,,454(41),ATK 55.1%(12%),"Oceanic VictoryIncreases Elemental Burst DMG by 12~24%. When Elemental Burst hits opponents, there is a 100% chance of summoning a huge onrush of tuna that deals 100~200% ATK as AoE DMG. This effect can occur once every 15s."
105,Mailed Flower,,565(44),Elemental Mastery 110(24),"Whispers of Wind and FlowerWithin 8s after the character's Elemental Skill hits an opponent or the character triggers an Elemental Reaction, their ATK and Elemental Mastery will be increased by 12~24% and 48~96 respectively."
106,Makhaira Aquamarine,,510(42),Elemental Mastery 165(36),"Desert PavilionThe following effect will trigger every 10s: The equipping character will gain 24~48% of their Elemental Mastery as bonus ATK for 12s, with nearby party members gaining 30% of this buff for the same duration. Multiple instances of this weapon can allow this buff to stack. This effect will still trigger even if the character is not on the field."
107,Mappa Mare,,565(44),Elemental Mastery 110(24),Infusion ScrollTriggering an Elemental reaction grants a 8~16% Elemental DMG Bonus for 10s. Max 2 stacks.
108,Missive Windspear,,510(42),ATK 41.3%(9%),"The Wind UnattainedWithin 10s after an Elemental Reaction is triggered, ATK is increased by 12~24% and Elemental Mastery is increased by 48~96."
109,Mitternachts Waltz,,510(42),Physical DMG Bonus 51.7%(11.3%),Evernight DuetNormal Attack hits on opponents increase Elemental Skill DMG by 20~40% for 5s. Elemental Skill hits on opponents increase Normal Attack DMG by 20~40% for 5s.
110,Moonpiercer,,565(44),Elemental Mastery 110(24),"Stillwood MoonshadowAfter triggering Burning, Quicken, Aggravate, Spread, Bloom, Hyperbloom, or Burgeon, a Leaf of Revival will be created around the character for a maximum of 10s. When picked up, the Leaf will grant the character 16~32% ATK for 12s. Only 1 Leaf can be generated this way every 20s. This effect can still be triggered if the character is not on the field."
111,Mountain-Bracing Bolt,,565(44),Energy Recharge 30.6%(6.7%),"Hope Beyond the PeaksDecreases Climbing Stamina Consumption by 15% and increases Elemental Skill DMG by 12~24%. Also, after other nearby party members use Elemental Skills, the equipping character's Elemental Skill DMG will also increase by 12~24% for 8s."
112,Mouun's Moon,,565(44),ATK 27.6%(6%),"Watatsumi WavewalkerFor every point of the entire party's combined maximum Energy capacity, the Elemental Burst DMG of the character equipping this weapon is increased by 0.12~0.24%. A maximum of 40~80% increased Elemental Burst DMG can be achieved this way."
113,Oathsworn Eye,,565(44),ATK 27.6%(6%),People of the Faltering LightIncreases Energy Recharge by 24~48% for 10s after using an Elemental Skill.
114,Portable Power Saw,,454(41),HP 55.1%(12%),"Sea ShantyWhen the wielder is healed or heals others, they will gain a Stoic's Symbol that lasts 30s, up to a maximum of 3 Symbols. When using their Elemental Skill or Burst, all Symbols will be consumed and the Roused effect will be granted for 10s. For each Symbol consumed, gain 40~80 Elemental Mastery, and 2s after the effect occurs, 2~4 Energy per Symbol consumed will be restored for said character. The Roused effect can be triggered once every 15s, and Symbols can be gained even when the character is not on the field."
115,Predator,,510(42),ATK 41.3%(9%),"Strong Strike
This weapon's effect is only applied on the following platform(s):
""PlayStation Network""
Dealing Cryo DMG to opponents increases this character's Normal and Charged Attack DMG by 10% for 6s. This effect can have a maximum of 2 stacks.Additionally, when Aloy equips Predator, ATK is increased by 66."
116,Prospector's Drill,,565(44),ATK 27.6%(6%),"Masons' DittyWhen the wielder is healed or heals others, they will gain a Unity's Symbol that lasts 30s, up to a maximum of 3 Symbols. When using their Elemental Skill or Burst, all Symbols will be consumed and the Struggle effect will be granted for 10s. For each Symbol consumed, gain 3~7% ATK and 7~13% All Elemental DMG Bonus. The Struggle effect can be triggered once every 15s, and Symbols can be gained even when the character is not on the field."
117,Prototype Amber,,510(42),HP 41.3%(9%),GildingUsing an Elemental Burst regenerates 4~6 Energy every 2s for 6s. All party members will regenerate 4~6% HP every 2s for this duration.
118,Prototype Archaic,,565(44),ATK 27.6%(6%),"CrushOn hit, Normal or Charged Attacks have a 50% chance to deal an additional 240~480% ATK DMG to opponents within a small AoE. Can only occur once every 15s."
119,Prototype Crescent,,510(42),ATK 41.3%(9%),UnreturningCharged Attack hits on weak points increase Movement SPD by 10% and ATK by 36~72% for 10s.
120,Prototype Rancour,,565(44),Physical DMG Bonus 34.5%(7.5%),"Smashed StoneOn hit, Normal or Charged Attacks increase ATK and DEF by 4~8% for 6s. Max 4 stacks. This effect can only occur once every 0.3s."
121,Prototype Starglitter,,510(42),Energy Recharge 45.9%(10.0%),"Magic AffinityAfter using an Elemental Skill, increases Normal and Charged Attack DMG by 8~16% for 12s. Max 2 stacks."
122,Rainslasher,,510(42),Elemental Mastery 165(36),Bane of Storm and TideIncreases DMG against opponents affected by Hydro or Electro by 20~36%.
123,Range Gauge,,565(44),ATK 27.6%(6%),"Masons' DittyWhen the wielder is healed or heals others, they will gain a Unity's Symbol that lasts 30s, up to a maximum of 3 Symbols. When using their Elemental Skill or Burst, all Symbols will be consumed and the Struggle effect will be granted for 10s. For each Symbol consumed, gain 3~7% ATK and 7~13% All Elemental DMG Bonus. The Struggle effect can be triggered once every 15s, and Symbols can be gained even when the character is not on the field."
124,Rightful Reward,,565(44),HP 27.6%(6%),"Tip of the SpearWhen the wielder is healed, restore 8~16 Energy. This effect can triggered once every 10s, and can occur even when the character is not on the field."
125,Ring of Yaxche,,510(42),HP 41.3%(9%),"Echoes of the Plentiful LandUsing an Elemental Skill grants the Jade-Forged Crown effect: Every 1,000 Max HP will increase the Normal Attack DMG dealt by the equipping character by 0.6~1% for 10s. Normal Attack DMG can be increased this way by a maximum of 16~32%."
126,Royal Bow,,510(42),ATK 41.3%(9%),"FocusUpon dealing damage to an opponent, increases CRIT Rate by 8~16%. Max 5 stacks. A CRIT hit removes all existing stacks."
127,Royal Greatsword,,565(44),ATK 27.6%(6%),"FocusUpon dealing damage to an opponent, increases CRIT Rate by 8~16%. Max 5 stacks. A CRIT hit removes all existing stacks."
128,Royal Grimoire,,565(44),ATK 27.6%(6%),"FocusUpon dealing damage to an opponent, increases CRIT Rate by 8~16%. Max 5 stacks. A CRIT hit removes all existing stacks."
129,Royal Longsword,,510(42),ATK 41.3%(9%),"FocusUpon dealing damage to an opponent, increases CRIT Rate by 8~16%. Max 5 stacks. A CRIT hit removes all existing stacks."
130,Royal Spear,,565(44),ATK 27.6%(6%),"FocusUpon dealing damage to an opponent, increases CRIT Rate by 8~16%. Max 5 stacks. A CRIT hit removes all existing stacks."
131,Rust,,510(42),ATK 41.3%(9%),Rapid FiringIncreases Normal Attack DMG by 40~80% but decreases Charged Attack DMG by 10%.
132,Sacrificial Bow,,565(44),Energy Recharge 30.6%(6.7%),"ComposedAfter dealing damage to an opponent with an Elemental Skill, the skill has a 40~80% chance to end its own CD. Can only occur once every 30~16s."
133,Sacrificial Fragments,,454(41),Elemental Mastery 221(48),"ComposedAfter dealing damage to an opponent with an Elemental Skill, the skill has a 40~80% chance to end its own CD. Can only occur once every 30~16s."
134,Sacrificial Greatsword,,565(44),Energy Recharge 30.6%(6.7%),"ComposedAfter dealing damage to an opponent with an Elemental Skill, the skill has a 40~80% chance to end its own CD. Can only occur once every 30~16s."
135,Sacrificial Jade,,454(41),CRIT Rate 36.8%(8%),"Jade CirculationWhen not on the field for more than 5s, Max HP will be increased by 32~64% and Elemental Mastery will be increased by 40~80. These effects will be canceled after the wielder has been on the field for 10s."
136,Sacrificial Sword,,454(41),Energy Recharge 61.3%(13.3%),"ComposedAfter dealing damage to an opponent with an Elemental Skill, the skill has a 40~80% chance to end its own CD. Can only occur once every 30~16s."
137,Sapwood Blade,,565(44),Energy Recharge 30.6%(6.7%),"Forest SanctuaryAfter triggering Burning, Quicken, Aggravate, Spread, Bloom, Hyperbloom, or Burgeon, a Leaf of Consciousness will be created around the character for a maximum of 10s. When picked up, the Leaf will grant the character 60~120 Elemental Mastery for 12s. Only 1 Leaf can be generated this way every 20s. This effect can still be triggered if the character is not on the field. The Leaf of Consciousness' effect cannot stack."
138,Scion of the Blazing Sun,,565(44),CRIT Rate 18.4%(4%),"The Way of SunfireAfter a Charged Attack hits an opponent, a Sunfire Arrow will descend upon the opponent hit, dealing 60~120% ATK as DMG, and applying the Heartsearer effect to the opponent damaged by said Arrow for 10s. Opponents affected by Heartsearer take 28~56% more Charged Attack DMG from the wielder. A Sunfire Arrow can be triggered once every 10s."
139,Serpent Spine,,510(42),CRIT Rate 27.6%(6%),"WavesplitterEvery 4s a character is on the field, they will deal 6~10% more DMG and take 3~2%  more DMG. This effect has a maximum of 5 stacks and will not be reset if the character leaves the field, but will be reduced by 1 stack when the character takes DMG."
140,Snow-Tombed Starsilver,,565(44),Physical DMG Bonus 34.5%(7.5%),"Frost BurialHitting an opponent with Normal and Charged Attacks has a 60~100% chance of forming and dropping an Everfrost Icicle above them, dealing AoE DMG equal to 80~140% of ATK. Opponents affected by Cryo are instead dealt DMG equal to 200~360% of ATK. Can only occur once every 10s."
141,Solar Pearl,,510(42),CRIT Rate 27.6%(6%),"Solar ShineNormal Attack hits increase Elemental Skill and Elemental Burst DMG by 20~40% for 6s. Likewise, Elemental Skill or Elemental Burst hits increase Normal Attack DMG by 20~40% for 6s."
142,Song of Stillness,,510(42),ATK 41.3%(9%),"Benthic PulseAfter the wielder is healed, they will deal 16~32% more DMG for 8s. This can be triggered even when the character is not on the field."
143,Sturdy Bone,,565(44),ATK 27.6%(6%),"Trapper's PrideSprint or Alternate Sprint Stamina Consumption decreased by 15%. Additionally, after using Sprint or Alternate Sprint, Normal Attack DMG is increased by 16~32% of ATK. This effect expires after triggering 18 times or 7s."
144,Sword of Descension,,440(39),ATK 35.2%(7.7%),"DescensionEffective only on the following platform:""PlayStation Network""Hitting enemies with Normal or Charged Attacks grants a 50% chance to deal 200% ATK as DMG in a small AoE. This effect can only occur once every 10s.Additionally, if the Traveler equips the Sword of Descension, their ATK is increased by 66."
145,Sword of Narzissenkreuz,,510(42),ATK 41.3%(9%),"Hero's BladeWhen the equipping character does not have an Arkhe: When Normal Attacks, Charged Attacks, or Plunging Attacks strike, a Pneuma or Ousia energy blast will be unleashed, dealing 160~320% of ATK as DMG. This effect can be triggered once every 12s. The energy blast type is determined by the current type of the Sword of Narzissenkreuz."
146,Talking Stick,,565(44),CRIT Rate 18.4%(4%),"""The Silver Tongue""ATK will be increased by  16~32% for 15s after being affected by Pyro. This effect can be triggered once every 12s. All Elemental DMG Bonus will be increased by 12~24% for 15s after being affected by Hydro, Cryo, Electro, or Dendro. This effect can be triggered once every 12s."
147,The Alley Flash,,620(45),Elemental Mastery 55(12),Itinerant HeroIncreases DMG dealt by the character equipping this weapon by 12~24%. Taking DMG disables this effect for 5s.
148,The Bell,,510(42),HP 41.3%(9%),"Rebellious GuardianTaking DMG generates a shield which absorbs DMG up to 20~32% of max HP. This shield lasts for 10s or until broken, and can only be triggered once every 45s. While protected by a shield, the character gains 12~24% increased DMG."
149,The Black Sword,,510(42),CRIT Rate 27.6%(6%),"JusticeIncreases DMG dealt by Normal and Charged Attacks by 20~40%.Additionally, regenerates 60~100% of ATK as HP when Normal and Charged Attacks score a CRIT Hit. This effect can occur once every 5s."
150,The Dockhand's Assistant,,510(42),HP 41.3%(9%),"Sea ShantyWhen the wielder is healed or heals others, they will gain a Stoic's Symbol that lasts 30s, up to a maximum of 3 Symbols. When using their Elemental Skill or Burst, all Symbols will be consumed and the Roused effect will be granted for 10s. For each Symbol consumed, gain 40~80 Elemental Mastery, and 2s after the effect occurs, 2~4 Energy per Symbol consumed will be restored for said character. The Roused effect can be triggered once every 15s, and Symbols can be gained even when the character is not on the field."
151,The Flute,,510(42),ATK 41.3%(9%),"ChordNormal or Charged Attacks grant a Harmonic on hits. Gaining 5 Harmonics triggers the power of music and deals 100~200% ATK DMG to surrounding enemies. Harmonics last up to 30s, and a maximum of 1 can be gained every 0.5s."
152,The Stringless,,510(42),Elemental Mastery 165(36),Arrowless SongIncreases Elemental Skill and Elemental Burst DMG by 24~48%.
153,The Viridescent Hunt,,510(42),CRIT Rate 27.6%(6%),"Verdant WindUpon hit, Normal and Aimed Shot Attacks have a 50% chance to generate a Cyclone, which will continuously attract surrounding opponents, dealing 40~80% of ATK as DMG to these opponents every 0.5s for 4s. This effect can only occur once every 14~10s."
154,The Widsith,,510(42),CRIT DMG 55.1%(12%),"DebutWhen a character takes the field, they will gain a random theme song for 10s. This can only occur once every 30s.Recitative: ATK is increased by 60~120%.Aria: Increases all Elemental DMG by 48~96%.Interlude: Elemental Mastery is increased by 240~480."
155,Tidal Shadow,,510(42),ATK 41.3%(9%),"White Cruising WaveAfter the wielder is healed, ATK will be increased by 24~48% for 8s. This can be triggered even when the character is not on the field."
156,Toukabou Shigure,,510(42),Elemental Mastery 165(36),"Kaidan: Rainfall EarthbinderAfter an attack hits opponents, it will inflict an instance of Cursed Parasol upon one of them for 10s. This effect can be triggered once every 15s. If this opponent is defeated during Cursed Parasol's duration, Cursed Parasol's CD will be refreshed immediately. The character wielding this weapon will deal 16~32% more DMG to the opponent affected by Cursed Parasol."
157,Wandering Evenstar,,510(42),Elemental Mastery 165(36),"Wildling NightstarThe following effect will trigger every 10s: The equipping character will gain 24~48% of their Elemental Mastery as bonus ATK for 12s, with nearby party members gaining 30% of this buff for the same duration. Multiple instances of this weapon can allow this buff to stack. This effect will still trigger even if the character is not on the field."
158,Wavebreaker's Fin,,620(45),ATK 13.8%(3%),"Watatsumi WavewalkerFor every point of the entire party's combined maximum Energy capacity, the Elemental Burst DMG of the character equipping this weapon is increased by 0.12~0.24%. A maximum of 40~80% increased Elemental Burst DMG can be achieved this way."
159,Whiteblind,,510(42),DEF 51.7%(11.3%),"Infusion BladeOn hit, Normal or Charged Attacks increase ATK and DEF by 6~12% for 6s. Max 4 stacks (24~48%  total). Can only occur once every 0.5s."
160,Windblume Ode,,510(42),Elemental Mastery 165(36),"Windblume WishAfter using an Elemental Skill, receive a boon from the ancient wish of the Windblume, increasing ATK by 16~32% for 6s."
161,Wine and Song,,565(44),Energy Recharge 30.6%(6.7%),"Ever-ChangingHitting an opponent with a Normal Attack decreases the Stamina consumption of Sprint or Alternate Sprint by 14~22% for 5s. Additionally, using a Sprint or Alternate Sprint ability increases ATK by 20~40% for 5s."
162,Wolf-Fang,,510(42),CRIT Rate 27.6%(6%),"Northwind WolfDMG dealt by Elemental Skill and Elemental Burst is increased by 16~32%. When an Elemental Skill hits an opponent, its CRIT Rate will be increased by 2~4%. When an Elemental Burst hits an opponent, its CRIT Rate will be increased by 2~4%. Both of these effects last 10s separately, have 4 max stacks, and can be triggered once every 0.1s."
163,Xiphos' Moonlight,,510(42),Elemental Mastery 165(36),"Jinni's WhisperThe following effect will trigger every 10s: The equipping character will gain 0.036~0.072% Energy Recharge for each point of Elemental Mastery they possess for 12s, with nearby party members gaining 30% of this buff for the same duration. Multiple instances of this weapon can allow this buff to stack. This effect will still trigger even if the character is not on the field."
164,Black Tassel,,354(38),HP 46.9%(10.2%),Bane of the SoftIncreases DMG against slimes by 40~80%.
165,Bloodtainted Greatsword,,354(38),Elemental Mastery 187(41),Bane of Fire and ThunderIncreases DMG against opponents affected by Pyro or Electro by 12~24%.
166,Cool Steel,,401(39),ATK 35.2%(7.7%),Bane of Water and IceIncreases DMG against opponents affected by Hydro or Cryo by 12~24%.
167,Dark Iron Sword,,401(39),Elemental Mastery 141(31),"OverloadedUpon causing an Overloaded, Superconduct, Electro-Charged, Quicken, Aggravate, Hyperbloom, or Electro-infused Swirl reaction, ATK is increased by 20~40% for 12s."
168,Debate Club,,401(39),ATK 35.2%(7.7%),"Blunt ConclusionAfter using an Elemental Skill, Normal or Charged Attacks, on hit, deal an additional 60~120% ATK DMG in a small area. Effect lasts 15s. DMG can only occur once every 3s."
169,Emerald Orb,,448(40),Elemental Mastery 94(20),"RapidsUpon causing a Vaporize, Electro-Charged, Frozen, Bloom, or a Hydro-infused Swirl reaction, increases ATK by 20~40% for 12s."
170,Ferrous Shadow,,401(39),HP 35.2%(7.7%),"UnbendingWhen HP falls below 70~90%, increases Charged Attack DMG by 30~50%, and Charged Attacks become much harder to interrupt."
171,Fillet Blade,,401(39),ATK 35.2%(7.7%),"GashOn hit, has 50% chance to deal 240~400% ATK DMG to a single enemy. Can only occur once every 15~11s."
172,Halberd,,448(40),ATK 23.4%(5.1%),HeavyNormal Attacks deal an additional 160~320% DMG. Can only occur once every 10s.
173,Harbinger of Dawn,,401(39),CRIT DMG 46.9%(10.2%),"VigorousWhen HP is above 90%, increases CRIT Rate by 14~28%."
174,Magic Guide,,354(38),Elemental Mastery 187(41),Bane of Storm and TideIncreases DMG against opponents affected by Hydro or Electro by 12~24%.
175,Messenger,,448(40),CRIT DMG 31.2%(6.8%),Archer's MessageCharged Attack hits on weak spots deal an additional 100~200% ATK DMG as CRIT DMG. Can only occur once every 10s.
176,Otherworldly Story,,401(39),Energy Recharge 39.0%(8.5%),Energy ShowerEach Elemental Orb or Particle collected restores 1~2% HP.
177,Raven Bow,,448(40),Elemental Mastery 94(20),Bane of Flame and WaterIncreases DMG against opponents affected by Hydro or Pyro by 12~24%.
178,Recurve Bow,,354(38),HP 46.9%(10.2%),Cull the WeakDefeating an opponent restores 8~16% HP.
179,Sharpshooter's Oath,,401(39),CRIT DMG 46.9%(10.2%),PreciseIncreases DMG against weak spots by 24~48%.
180,Skyrider Greatsword,,401(39),Physical DMG Bonus 43.9%(9.6%),"CourageOn hit, Normal or Charged Attacks increase ATK by 6~10% for 6s. Max 4 stacks. Can only occur once every 0.5s."
181,Skyrider Sword,,354(38),Energy Recharge 51.7%(11.3%),DeterminationUsing an Elemental Burst grants a 12~24% increase in ATK and Movement SPD for 15s.
182,Slingshot,,354(38),CRIT Rate 31.2%(6.8%),"SlingshotIf a Normal or Charged Attack hits a target within 0.3s of being fired, increases DMG by 36~60%. Otherwise, decreases DMG by 10%."
183,Thrilling Tales of Dragon Slayers,,401(39),HP 35.2%(7.7%),"HeritageWhen switching characters, the new character taking the field has their ATK increased by 24~48% for 10s. This effect can only occur once every 20s."
184,Traveler's Handy Sword,,448(40),DEF 29.3%(6.4%),JourneyEach Elemental Orb or Particle collected restores 1~2% HP.
185,Twin Nephrite,,448(40),CRIT Rate 15.6%(3.4%),Guerilla TacticsDefeating an opponent increases Movement SPD and ATK by 12~20% for 15s.
186,White Iron Greatsword,,401(39),DEF 43.9%(9.6%),Cull the WeakDefeating an opponent restores 8~16% HP.
187,White Tassel,,401(39),CRIT Rate 23.4%(5.1%),SharpIncreases Normal Attack DMG by 24~48%.
188,Iron Point,,243(33),None,None
189,Old Merc's Pal,,243(33),None,None
190,Pocket Grimoire,,243(33),None,None
191,Seasoned Hunter's Bow,,243(33),None,None
192,Silver Sword,,243(33),None,None
193,Apprentice's Notes,,185(23),None,None
194,Beginner's Protector,,185(23),None,None
195,Dull Blade,,185(23),None,None
196,Hunter's Bow,,185(23),None,None
197,Waster Greatsword,,185(23),None,None
